S.N., time                   , place                                     , magnitude, longitude, latitude, depth
   1, 2024-12-28 07:02:12.064, Southern Tibetan Plateau                  ,      4.0 ,   86.7157,  28.3716, 10.0
   2, 2024-12-28 06:05:48.771, Southern Tibetan Plateau                  ,      4.2 ,   87.0514,  28.2962, 10.0
   3, 2024-12-20 22:29:02.221, "60 km WNW of Jumla, Nepal"               ,      5.0 ,   81.6099,  29.4923, 10.0
   4, 2024-12-19 01:52:46.050, "37 km NNE of Pokhara, Nepal"             ,      4.3 ,   84.1037,  28.5833, 10.0
   5, 2024-12-17 11:23:27.288, "55 km SSE of Burang, China"              ,      4.4 ,   81.3883,  29.831 , 20.081
   6, 2024-12-07 17:08:36.129, "51 km NNW of Dhārchula, India"           ,      4.0 ,   80.3295,  30.2844, 35.0
   7, 2024-10-14 16:47:47.648, "30 km NW of Bhojpur, Nepal"              ,      4.0 ,   86.7989,  27.3416, 10.0
   8, 2024-09-14 18:21:42.274, "75 km N of Jumla, Nepal"                 ,      4.4 ,   82.1893,  29.9563, 13.48
   9, 2024-08-30 22:01:59.157, "44 km N of Besisahar, Nepal"             ,      4.1 ,   84.3475,  28.6347, 10.0
  10, 2024-08-09 01:27:10.980, "5 km NW of Naya Bāzār, India"            ,      4.5 ,   88.1937,  27.1586, 35.0
  11, 2024-08-03 16:28:40.558, "188 km ENE of Saga, China"               ,      4.3 ,   87.0502,  29.9216, 10.0
  12, 2024-07-18 10:05:29.140, "178 km ENE of Saga, China"               ,      4.4 ,   86.9588,  29.8668, 10.0
  13, 2024-07-13 22:49:33.854, "189 km ENE of Saga, China"               ,      4.5 ,   86.9812,  30.0913, 10.0
  14, 2024-07-10 19:49:26.988, "158 km ENE of Saga, China"               ,      4.1 ,   86.7891,  29.7368, 14.586
  15, 2024-05-28 01:13:06.793, "45 km ESE of Dārchulā, Nepal"            ,      4.3 ,   81.0068,  29.7381, 26.184
  16, 2024-03-06 04:25:08.225, "50 km WNW of Burang, China"              ,      4.2 ,   80.6613,  30.4045, 10.0
  17, 2024-02-26 11:29:31.815, "86 km WNW of Rikaze, China"              ,      4.4 ,   88.0921,  29.6188, 89.466
  18, 2024-01-12 17:47:29.479, "34 km NNE of Dipayal, Nepal"             ,      4.3 ,   81.1253,  29.522 , 22.599
  19, 2024-01-07 18:46:35.171, "16 km NW of Namche Bazaar, Nepal"        ,      4.2 ,   86.6116,  27.9221, 10.0
  20, 2024-01-07 14:28:32.992, "44 km ENE of Kodāri̇̄, Nepal"              ,      4.5 ,   86.3806,  28.0886, 10.0
  21, 2024-01-07 14:08:34.933, "40 km WNW of Lobuche, Nepal"             ,      4.1 ,   86.4237,  28.0794, 10.0
  22, 2023-12-31 16:36:23.043, "27 km E of Nagarkot, Nepal"              ,      4.6 ,   85.799 ,  27.727 , 22.322
  23, 2023-12-04 19:04:15.283, "71 km NW of Gyalshing, India"            ,      4.4 ,   87.8388,  27.8117, 70.467
  24, 2023-11-27 22:15:46.743, "124 km WSW of Rikaze, China"             ,      4.7 ,   87.7852,  28.6795, 74.708
  25, 2023-11-22 19:34:26.202, "14 km W of Kirtipur, Nepal"              ,      3.8 ,   85.1323,  27.6889, 10.0
  26, 2023-11-20 05:52:27.597, "36 km NE of Dipayal, Nepal"              ,      4.4 ,   81.1707,  29.5224, 10.0
  27, 2023-11-06 10:46:39.805, "34 km E of Dailekh, Nepal"               ,      5.3 ,   82.0652,  28.8564, 10.0
  28, 2023-11-03 22:31:34.600, "34 km SSE of Jumla, Nepal"               ,      4.0 ,   82.2728,  28.976 , 10.0
  29, 2023-11-03 18:44:39.613, "27 km E of Dailekh, Nepal"               ,      4.1 ,   81.9912,  28.8332, 10.0
  30, 2023-11-03 18:02:53.465, "43 km E of Dailekh, Nepal"               ,      5.7 ,   82.1531,  28.858 , 12.0
  31, 2023-10-22 11:46:45.520, "28 km NE of Bharatpur, Nepal"            ,      4.0 ,   84.646 ,  27.8519, 26.661
  32, 2023-10-22 01:54:21.100, "36 km NE of Bharatpur, Nepal"            ,      5.2 ,   84.7252,  27.8879, 25.706
  33, 2023-10-18 16:18:48.676, "60 km NE of Dipayal, Nepal"              ,      4.5 ,   81.357 ,  29.6681, 10.0
  34, 2023-10-16 03:41:40.294, "36 km NE of Dārchulā, Nepal"             ,      4.2 ,   80.7774,  30.0924, 10.0
  35, 2023-10-12 20:06:44.075, "43 km NE of Dipayal, Nepal"              ,      4.4 ,   81.2129,  29.5722, 10.0
  36, 2023-10-11 18:37:21.967, "43 km NNE of Dipayal, Nepal"             ,      4.8 ,   81.1801,  29.5869, 10.0
  37, 2023-10-07 06:00:01.972, "38 km NE of Dipayal, Nepal"              ,      5.0 ,   81.2055,  29.5133, 10.0
  38, 2023-10-03 23:58:04.608, "61 km NNE of Dipayal, Nepal"             ,      4.3 ,   81.2904,  29.7245, 10.0
  39, 2023-10-03 19:05:41.024, "36 km NE of Dipayal, Nepal"              ,      4.4 ,   81.1691,  29.5231, 10.0
  40, 2023-10-03 11:53:17.879, "35 km NE of Dipayal, Nepal"              ,      4.5 ,   81.1706,  29.5106, 10.0
  41, 2023-10-03 11:34:10.972, "45 km NE of Dipayal, Nepal"              ,      4.8 ,   81.257 ,  29.5637, 10.0
  42, 2023-10-03 09:33:05.019, "17 km ENE of Dipayal, Nepal"             ,      4.2 ,   81.1092,  29.3074, 10.0
  43, 2023-10-03 09:28:43.898, "25 km E of Dipayal, Nepal"               ,      4.8 ,   81.2051,  29.2397, 10.0
  44, 2023-10-03 09:21:03.018, "39 km NE of Dipayal, Nepal"              ,      5.7 ,   81.242 ,  29.4973, 13.0
  45, 2023-10-03 08:55:50.480, "34 km NE of Dipayal, Nepal"              ,      4.9 ,   81.2188,  29.459 , 10.0
  46, 2023-08-18 17:49:38.408, "50 km NE of Lobuche, Nepal"              ,      4.3 ,   87.1512,  28.2888, 79.496
  47, 2023-08-05 20:04:11.934, western Xizang-India border region        ,      4.3 ,   80.7013,  30.2183, 10.0
  48, 2023-06-12 01:53:56.728, "75 km SSE of Burang, China"              ,      4.3 ,   81.5777,  29.71  , 27.16
  49, 2023-05-23 22:21:48.564, "52 km NE of Dipayal, Nepal"              ,      4.3 ,   81.2484,  29.6551, 10.0
  50, 2023-05-06 08:01:03.160, "107 km N of Lobuche, Nepal"              ,      4.3 ,   86.6245,  28.9028, 42.645
  51, 2023-04-27 19:45:53.627, "72 km NE of Dipayal, Nepal"              ,      5.1 ,   81.5483,  29.6212, 10.0
  52, 2023-04-27 18:13:51.853, "66 km ENE of Dipayal, Nepal"             ,      4.5 ,   81.5302,  29.5729, 10.0
  53, 2023-04-08 14:44:49.140, "79 km N of Lobuche, Nepal"               ,      4.3 ,   86.7146,  28.6582, 68.028
  54, 2023-04-01 05:42:20.397, "38 km SSE of Kodāri̇̄, Nepal"              ,      4.5 ,   86.1761,  27.6685, 10.0
  55, 2023-03-24 04:06:24.411, "52 km NW of Jumla, Nepal"                ,      4.2 ,   81.828 ,  29.6326, 30.882
  56, 2023-03-02 08:12:56.235, "64 km NE of Lobuche, Nepal"              ,      4.0 ,   87.3045,  28.3307, 10.0
  57, 2023-02-26 07:06:04.699, Nepal                                     ,      4.3 ,   81.127 ,  29.7352, 10.0
  58, 2023-02-22 08:00:22.588, "70 km WNW of Jumla, Nepal"               ,      4.8 ,   81.5737,  29.6254, 20.937
  59, 2023-02-12 22:45:05.505, "73 km NW of Mangan, India"               ,      4.0 ,   88.0003,  27.986 , 60.903
  60, 2023-01-24 08:58:33.123, "60 km NW of Jumla, Nepal"                ,      5.4 ,   81.6638,  29.5825, 33.11
  61, 2022-12-27 20:22:03.128, "48 km WNW of B?glung, Nepal"             ,      4.6 ,   83.1553,  28.4898, 18.597
  62, 2022-12-27 19:38:12.218, "55 km N of Chitre, Nepal"                ,      4.0 ,   83.6137,  28.926 , 24.596
  63, 2022-12-23 01:31:21.071, Nepal                                     ,      4.5 ,   83.1015,  28.4999, 10.0
  64, 2022-12-23 01:30:55.904, "58 km WNW of B?glung, Nepal"             ,      4.2 ,   83.0809,  28.5471, 10.0
  65, 2022-11-12 14:27:05.131, "25 km ENE of Dipayal, Nepal"             ,      5.2 ,   81.1777,  29.3523, 10.0
  66, 2022-11-09 23:28:02.358, Nepal                                     ,      4.3 ,   81.1564,  29.352 , 10.0
  67, 2022-11-09 00:57:14.321, "26 km WNW of Dh?rchula, India"           ,      4.4 ,   80.2903,  29.9803, 22.974
  68, 2022-11-08 20:27:22.316, Nepal                                     ,      5.7 ,   81.1593,  29.2917, 11.0
  69, 2022-11-08 15:22:35.973, "26 km ENE of Dipayal, Nepal"             ,      4.7 ,   81.1922,  29.3448, 10.0
  70, 2022-11-07 23:07:22.073, "108 km N of Lobujya, Nepal"              ,      4.2 ,   86.6701,  28.9207, 10.0
  71, 2022-10-30 03:41:50.868, "36 km NNE of Dipayal, Nepal"             ,      4.5 ,   81.0921,  29.5573, 10.0
  72, 2022-10-19 10:08:35.308, "16 km SSE of Kod?ri??, Nepal"            ,      4.2 ,   86.0362,  27.8248, 22.2
  73, 2022-10-19 09:22:40.123, "10 km SE of Kod?ri??, Nepal"             ,      4.9 ,   86.0386,  27.894 , 23.943
  74, 2022-08-19 19:42:42.048, "12 km NE of Dhaurahra, India"            ,      4.9 ,   81.1968,  28.0619, 10.0
  75, 2022-08-05 23:41:04.059, "31 km WNW of Kirtipur, Nepal"            ,      4.4 ,   84.9833,  27.7936, 10.0
  76, 2022-07-31 02:28:08.777, "26 km W of Bhojpur, Nepal"               ,      5.1 ,   86.7827,  27.1316, 10.0
  77, 2022-07-25 00:22:09.402, "20 km NNE of Nagarkot, Nepal"            ,      4.3 ,   85.5825,  27.8961, 10.0
  78, 2022-07-10 14:04:39.640, "37 km SE of D?rchul?, Nepal"             ,      4.2 ,   80.8736,  29.6405, 10.0
  79, 2022-06-22 22:11:46.712, "14 km ESE of Chitre, Nepal"              ,      4.6 ,   83.8247,  28.3742, 10.0
  80, 2022-06-10 20:51:21.586, "5 km NE of Madhyapur Thimi, Nepal"       ,      3.6 ,   85.4181,  27.7199, 15.03
  81, 2022-05-21 02:45:09.223, "43 km NE of Kod?ri??, Nepal"             ,      4.2 ,   86.2888,  28.2186, 70.83
  82, 2022-05-11 04:33:11.628, "16 km NW of Dh?rchula, India"            ,      4.9 ,   80.4219,  29.9682, 33.06
  83, 2022-04-09 18:38:37.466, "99 km NNW of Lobujya, Nepal"             ,      4.2 ,   86.5315,  28.8085, 10.0
  84, 2022-01-24 19:38:59.306, "21 km NW of Dh?rchula, India"            ,      4.0 ,   80.3548,  29.9803, 10.0
  85, 2022-01-13 03:13:54.822, "126 km WSW of Rikaze, China"             ,      4.1 ,   87.6854,  28.8094, 10.0
  86, 2022-01-06 18:29:13.484, "38 km NNE of Pachperwa, India"           ,      4.4 ,   82.8074,  27.8305, 10.0
  87, 2021-12-29 19:08:19.232, "18 km WNW of Dh?rchula, India"           ,      4.5 ,   80.3449,  29.9056, 10.0
  88, 2021-12-18 00:29:25.240, "99 km NE of Lobujya, Nepal"              ,      4.0 ,   87.5592,  28.5625, 10.0
  89, 2021-12-08 04:23:25.024, "121 km NE of Lobujya, Nepal"             ,      4.2 ,   87.5826,  28.8093, 41.26
  90, 2021-11-05 01:48:32.008, "115 km NNE of Lobujya, Nepal"            ,      5.0 ,   87.4455,  28.8267, 10.0
  91, 2021-10-18 10:32:14.377, "95 km NNE of Lobujya, Nepal"             ,      4.7 ,   87.2852,  28.7052, 10.0
  92, 2021-10-18 08:11:56.258, "24 km NE of Nagarkot, Nepal"             ,      4.2 ,   85.7193,  27.8507, 10.0
  93, 2021-10-18 08:01:37.426, "16 km WSW of Kod?ri??, Nepal"            ,      4.3 ,   85.8004,  27.901 , 10.0
  94, 2021-10-15 10:35:42.737, "124 km WSW of Rikaze, China"             ,      4.1 ,   87.6528,  28.9582, 10.0
  95, 2021-10-01 07:09:27.899, "33 km SSE of Kod?ri??, Nepal"            ,      4.5 ,   86.111 ,  27.694 , 10.0
  96, 2021-09-12 14:56:15.922, "47 km ESE of Dhulikhel, Nepal"           ,      4.4 ,   85.9978,  27.4834, 10.0
  97, 2021-06-21 10:06:50.953, "150 km NNE of Lobujya, Nepal"            ,      4.3 ,   87.124 ,  29.2822, 10.0
  98, 2021-05-25 20:46:06.127, "118 km ESE of Saga, China"               ,      4.5 ,   86.3755,  28.9684, 10.0
  99, 2021-05-19 16:54:29.784, "41 km E of Pokhara, Nepal"               ,      4.5 ,   84.3876,  28.2544, 10.0
 100, 2021-05-19 02:41:38.847, "33 km E of Pokhara, Nepal"               ,      4.9 ,   84.3042,  28.3088, 10.0
 101, 2021-05-18 23:57:58.646, "36 km E of Pokhara, Nepal"               ,      5.3 ,   84.3373,  28.2785, 10.0
 102, 2021-04-22 03:08:52.099, "207 km NW of Rikaze, China"              ,      4.1 ,   87.1751,  30.3858, 10.0
 103, 2021-03-16 13:16:08.835, "143 km NE of Saga, China"                ,      4.6 ,   86.3698,  30.1485, 10.0
 104, 2021-02-27 20:03:45.862, "104 km NNW of Lobujya, Nepal"            ,      4.1 ,   86.469 ,  28.8397, 15.43
 105, 2021-02-09 01:50:07.207, "87 km NW of Mangan, India"               ,      4.3 ,   87.8568,  28.0331, 35.0
 106, 2021-02-04 05:06:23.654, "104 km NNE of Lobujya, Nepal"            ,      5.1 ,   87.3785,  28.7463, 10.0
 107, 2021-02-02 16:14:13.363, "52 km NE of Chitre, Nepal"               ,      4.5 ,   84.0135,  28.8039, 29.41
 108, 2021-02-02 02:31:13.845, "110 km NNE of Lobujya, Nepal"            ,      5.0 ,   87.362 ,  28.8225,  8.7
 109, 2021-01-11 13:59:49.235, "92 km NE of Kh??db?ri??, Nepal"          ,      4.1 ,   87.7888,  28.028 , 35.0
 110, 2020-11-23 13:41:45.202, "80 km NNE of Lobujya, Nepal"             ,      4.4 ,   87.2271,  28.5808, 10.0
 111, 2020-11-23 13:36:04.648, "25 km NW of Kh??db?ri??, Nepal"          ,      4.5 ,   87.0358,  27.5457, 27.68
 112, 2020-11-21 21:49:21.520, "128 km NW of Rikaze, China"              ,      4.5 ,   88.1002,  30.1884, 10.0
 113, 2020-11-08 21:44:14.394, "68 km NE of Kh??db?ri??, Nepal"          ,      4.1 ,   87.7713,  27.7299, 10.0
 114, 2020-10-28 18:34:26.731, "16 km NNW of Dipayal, Nepal"             ,      4.2 ,   80.8988,  29.4069, 10.0
 115, 2020-09-15 23:34:03.386, "14 km SSW of Kod?ri??, Nepal"            ,      5.3 ,   85.8765,  27.8464, 10.0
 116, 2020-09-11 03:45:52.880, "40 km NNW of Il?m, Nepal"                ,      4.4 ,   87.7715,  27.2464, 10.0
 117, 2020-08-25 15:24:34.342, "32 km N of Dipayal, Nepal"               ,      4.3 ,   80.9299,  29.556 , 10.0
 118, 2020-08-23 17:07:43.232, "183 km NW of Rikaze, China"              ,      4.5 ,   87.5035,  30.3934, 10.0
 119, 2020-05-30 15:51:39.617, "45 km WNW of Kirtipur, Nepal"            ,      4.3 ,   84.8784,  27.8896, 10.0
 120, 2020-05-12 18:08:38.863, "29 km SSE of Kod?ri??, Nepal"            ,      4.9 ,   86.0378,  27.7046, 10.0
 121, 2020-03-24 23:39:29.603, "83 km NNE of Lobujya, Nepal"             ,      4.0 ,   87.2197,  28.6107, 10.0
 122, 2020-03-20 01:33:15.443, "85 km NE of Lobujya, Nepal"              ,      5.7 ,   87.3081,  28.5896, 10.0
 123, 2020-03-15 15:00:17.383, "5 km S of B?glung, Nepal"                ,      4.3 ,   83.5923,  28.2184, 10.0
 124, 2020-01-12 20:22:02.782, "61 km WNW of Jumla, Nepal"               ,      4.3 ,   81.5921,  29.4841, 10.0
 125, 2020-01-12 14:34:14.825, "51 km WNW of Jumla, Nepal"               ,      4.4 ,   81.705 ,  29.4848, 10.0
 126, 2020-01-05 13:16:52.055, "119 km NNE of Saga, China"               ,      4.3 ,   85.5587,  30.3664, 10.0
 127, 2020-01-05 13:14:02.142, "74 km NNE of Saga, China"                ,      4.4 ,   85.4049,  29.9815, 10.0
 128, 2019-12-12 13:26:31.828, "24 km W of Kod?ri??, Nepal"              ,      4.2 ,   85.7168,  27.9194, 10.0
 129, 2019-11-27 16:23:31.706, "22 km SW of Kod?ri??, Nepal"             ,      4.6 ,   85.8214,  27.7986, 10.0
 130, 2019-11-27 00:18:32.422, "96 km NW of Mangan, India"               ,      4.4 ,   87.8728,  28.1658, 64.65
 131, 2019-11-19 13:30:55.900, "20 km ENE of Dipayal, Nepal"             ,      5.0 ,   81.1433,  29.3228, 10.0
 132, 2019-11-12 02:00:26.426, "32 km NW of Dh?rchula, India"            ,      4.3 ,   80.2927,  30.0659, 10.0
 133, 2019-09-28 04:58:27.168, "45 km SE of Burang, China"               ,      4.4 ,   81.5319,  30.026 , 10.0
 134, 2019-09-26 13:04:21.563, "45 km N of Bharatpur, Nepal"             ,      4.4 ,   84.4371,  28.0869, 10.0
 135, 2019-09-22 16:17:01.966, "41 km ENE of Pokhara, Nepal"             ,      4.5 ,   84.3309,  28.4605, 18.23
 136, 2019-09-16 14:33:25.773, "24 km SE of D?rchul?, Nepal"             ,      4.5 ,   80.7419,  29.691 , 10.0
 137, 2019-08-27 09:57:51.030, "111 km NNW of Lobujya, Nepal"            ,      4.5 ,   86.4476,  28.9012, 10.0
 138, 2019-08-09 12:41:13.913, "31 km NW of B?glung, Nepal"              ,      4.4 ,   83.3273,  28.4321, 10.0
 139, 2019-06-17 17:58:20.595, "62 km NE of Lobujya, Nepal"              ,      4.6 ,   87.173 ,  28.4217, 84.75
 140, 2019-05-26 02:09:27.242, "174 km NW of Rikaze, China"              ,      4.8 ,   87.5686,  30.3347, 10.0
 141, 2019-05-26 01:44:55.302, "168 km NW of Rikaze, China"              ,      4.7 ,   87.661 ,  30.3288, 10.0
 142, 2019-05-25 15:23:59.917, "56 km NE of Dipayal, Nepal"              ,      4.0 ,   81.4056,  29.5741, 49.39
 143, 2019-05-25 05:17:24.276, "40 km WSW of Namche Bazar, Nepal"        ,      4.5 ,   86.3425,  27.6468, 10.0
 144, 2019-05-17 08:23:37.430, "42 km NE of Bharatpur, Nepal"            ,      4.7 ,   84.7453,  27.9487, 10.0
 145, 2019-05-11 18:51:01.960, "13 km W of Dailekh, Nepal"               ,      4.5 ,   81.5715,  28.8684, 31.28
 146, 2019-04-30 09:31:56.888, "27 km NNE of Saga, China"                ,      4.2 ,   85.3709,  29.533 , 10.0
 147, 2019-04-24 00:44:31.986, "22 km WNW of Kirtipur, Nepal"            ,      4.7 ,   85.0667,  27.7651, 27.34
 148, 2019-04-14 22:42:42.875, "44 km NE of Dipayal, Nepal"              ,      4.0 ,   81.2864,  29.5192, 10.0
 149, 2019-04-12 09:27:50.400, "169 km NW of Rikaze, China"              ,      4.5 ,   87.4938,  30.1742, 10.0
 150, 2019-03-06 00:45:51.040, "178 km NW of Rikaze, China"              ,      4.1 ,   87.368 ,  30.1682, 10.0
 151, 2019-02-07 05:35:48.490, "155 km NNE of Lobujya, Nepal"            ,      4.2 ,   87.2699,  29.2915, 10.0
 152, 2019-02-06 13:30:27.060, "150 km NNE of Lobujya, Nepal"            ,      4.1 ,   87.2216,  29.2611, 10.0
 153, 2019-01-22 16:45:15.580, "15 km NW of Bhojpur, Nepal"              ,      4.3 ,   86.9202,  27.2579, 10.0
 154, 2019-01-20 15:06:39.170, "171 km NW of Rikaze, China"              ,      4.7 ,   87.6754,  30.3859,  9.97
 155, 2019-01-20 14:28:30.290, "175 km NW of Rikaze, China"              ,      5.2 ,   87.6229,  30.3908,  9.85
 156, 2018-12-24 18:40:40.380, "177 km NW of Rikaze, China"              ,      4.2 ,   87.4245,  30.2227, 10.0
 157, 2018-12-23 19:36:56.920, "172 km NW of Rikaze, China"              ,      4.9 ,   87.4547,  30.1798, 10.0
 158, 2018-12-23 19:32:22.060, "177 km NW of Rikaze, China"              ,      5.8 ,   87.62  ,  30.4079, 10.0
 159, 2018-12-22 23:21:54.860, "7 km NNE of Nagarkot, Nepal"             ,      4.1 ,   85.5548,  27.7764, 10.0
 160, 2018-11-11 07:07:31.800, "14 km NE of D?rchul?, Nepal"             ,      4.5 ,   80.6472,  29.9248, 10.0
 161, 2018-10-31 23:09:01.530, "179 km NW of Rikaze, China"              ,      5.0 ,   87.4647,  30.2891, 10.0
 162, 2018-10-31 01:49:29.220, "172 km NW of Rikaze, China"              ,      4.7 ,   87.6483,  30.3789, 10.0
 163, 2018-10-22 15:10:05.270, "161 km NW of Rikaze, China"              ,      4.5 ,   87.6309,  30.2176, 11.42
 164, 2018-10-05 07:15:04.390, "18 km NW of Birendranagar, Nepal"        ,      4.3 ,   81.4792,  28.7099, 10.0
 165, 2018-10-05 07:08:11.750, "13 km WNW of Dailekh, Nepal"             ,      4.4 ,   81.5789,  28.874 , 10.0
 166, 2018-08-01 15:46:23.750, "173 km NW of Rikaze, China"              ,      5.2 ,   87.6027,  30.3493, 10.0
 167, 2018-08-01 15:45:31.740, "185 km NW of Rikaze, China"              ,      4.3 ,   87.4905,  30.4062, 10.0
 168, 2018-06-28 04:07:47.290, "45 km ENE of Bharatpur, Nepal"           ,      4.8 ,   84.8272,  27.8919, 10.0
 169, 2018-06-28 00:30:53.070, "182 km NW of Rikaze, China"              ,      4.2 ,   87.5273,  30.3943, 10.0
 170, 2018-06-20 04:15:26.410, "29 km NNW of Il?m, Nepal"                ,      4.4 ,   87.8133,  27.1508, 52.91
 171, 2018-06-20 04:08:59.880, "17 km E of Dhankut?, Nepal"              ,      4.4 ,   87.505 ,  26.9633, 38.3
 172, 2018-06-05 01:34:36.810, "64 km NW of Jumla, Nepal"                ,      4.7 ,   81.6777,  29.6464, 10.0
 173, 2018-05-10 20:01:51.640, "81 km NE of Lobujya, Nepal"              ,      4.4 ,   87.421 ,  28.4517,  4.66
 174, 2018-05-08 13:07:39.950, "61 km ENE of Lobujya, Nepal"             ,      4.0 ,   87.4282,  28.0604, 32.61
 175, 2018-03-01 17:27:17.180, "172 km NW of Rikaze, China"              ,      4.9 ,   87.6339,  30.362 , 11.41
 176, 2018-02-28 10:35:16.460, "187 km NW of Rikaze, China"              ,      4.0 ,   87.3792,  30.3194, 10.0
 177, 2018-02-08 20:56:30.090, "162 km NW of Rikaze, China"              ,      4.2 ,   87.8193,  30.3854, 10.0
 178, 2017-12-08 02:51:18.860, "28 km SE of Kod?ri??, Nepal"             ,      5.0 ,   86.1471,  27.7618, 10.0
 179, 2017-12-02 23:43:44.930, "17 km W of Gyalshing, India"             ,      4.2 ,   88.0806,  27.2856, 10.0
 180, 2017-11-07 19:06:41.830, "179 km NW of Rikaze, China"              ,      4.6 ,   87.4355,  30.2645,  9.83
 181, 2017-11-06 03:09:03.590, "51 km NE of Dipayal, Nepal"              ,      4.6 ,   81.2918,  29.6127, 10.0
 182, 2017-10-06 17:44:22.220, "167 km ENE of Saga, China"               ,      4.4 ,   86.7671,  30.0189, 10.0
 183, 2017-08-22 00:50:35.830, "25 km ENE of Dipayal, Nepal"             ,      4.6 ,   81.1558,  29.3871, 10.0
 184, 2017-08-21 12:03:13.970, "44 km SSE of Kod?ri??, Nepal"            ,      4.5 ,   86.1237,  27.5881, 10.0
 185, 2017-07-15 16:35:28.630, "6 km W of Dailekh, Nepal"                ,      4.3 ,   81.6418,  28.8507, 27.7
 186, 2017-07-02 01:58:27.200, "59 km NNE of Janakpur, Nepal"            ,      4.8 ,   86.1159,  27.2384, 10.0
 187, 2017-05-16 22:13:19.060, "9 km WNW of Gyalshing, India"            ,      4.2 ,   88.1714,  27.3266, 10.0
 188, 2017-04-27 02:10:11.800, "76 km E of Saga, China"                  ,      4.4 ,   86.0168,  29.2836,  8.0
 189, 2017-04-24 15:04:30.130, "58 km NE of Dipayal, Nepal"              ,      4.3 ,   81.3034,  29.6836, 18.73
 190, 2017-02-27 04:21:41.730, "47 km ESE of Panauti, Nepal"             ,      4.6 ,   85.9319,  27.3706, 20.28
 191, 2017-02-27 03:37:45.990, "57 km ESE of Dhulikhel, Nepal"           ,      4.7 ,   86.0789,  27.4259, 11.23
 192, 2017-02-26 18:48:45.660, "164 km NE of Jumla, Nepal"               ,      4.7 ,   83.5019,  30.2107, 10.0
 193, 2016-12-01 16:52:50.110, "18 km NE of Dh?rchula, India"            ,      5.2 ,   80.6321,  29.979 , 31.96
 194, 2016-11-27 23:35:21.020, "17 km W of Namche Bazar, Nepal"          ,      5.4 ,   86.5319,  27.8015, 10.0
 195, 2016-10-07 04:52:38.250, "43 km N of Kod?ri??, Nepal"              ,      4.0 ,   85.9666,  28.35  , 10.0
 196, 2016-09-18 17:14:17.810, "12 km NNW of Nagarkot, Nepal"            ,      4.2 ,   85.4746,  27.8196, 25.2
 197, 2016-09-10 00:46:18.380, "114 km NNE of Jumla, Nepal"              ,      4.9 ,   82.6753,  30.2163, 35.0
 198, 2016-09-09 09:10:51.180, "136 km NNE of Jumla, Nepal"              ,      4.3 ,   82.8488,  30.3571, 35.0
 199, 2016-07-02 00:23:46.380, "31 km NNE of Dipayal, Nepal"             ,      4.4 ,   81.0984,  29.5139, 10.0
 200, 2016-06-29 09:10:28.860, "37 km NNE of Dipayal, Nepal"             ,      4.6 ,   81.1306,  29.5553,  9.03
 201, 2016-06-27 14:53:00.680, "110 km NE of Lobujya, Nepal"             ,      4.7 ,   87.4704,  28.7638, 10.0
 202, 2016-06-21 05:49:46.420, "33 km W of Kirtipur, Nepal"              ,      3.5 ,   84.9384,  27.7243, 10.0
 203, 2016-06-13 23:27:42.520, "29 km N of Bharatpur, Nepal"             ,      4.1 ,   84.4925,  27.9339, 10.0
 204, 2016-05-28 09:39:10.850, "34 km NNW of Nagarkot, Nepal"            ,      4.6 ,   85.4237,  28.0097, 10.0
 205, 2016-05-26 09:29:25.640, "86 km NE of Lobujya, Nepal"              ,      4.0 ,   87.4821,  28.4555, 10.0
 206, 2016-05-23 19:09:52.790, "18 km W of Kirtipur, Nepal"              ,      4.3 ,   85.0896,  27.704 , 10.0
 207, 2016-05-23 18:09:03.320, "84 km NE of Lobujya, Nepal"              ,      4.2 ,   87.4903,  28.4178, 10.0
 208, 2016-05-22 04:49:45.200, "101 km NE of Lobujya, Nepal"             ,      4.3 ,   87.5853,  28.5599, 11.05
 209, 2016-05-22 02:55:42.320, "71 km NE of Lobujya, Nepal"              ,      4.0 ,   87.3554,  28.3854, 10.0
 210, 2016-05-22 02:05:54.680, "94 km NE of Lobujya, Nepal"              ,      5.1 ,   87.4796,  28.5654,  4.44
 211, 2016-05-22 01:48:48.130, "89 km NE of Lobujya, Nepal"              ,      5.4 ,   87.5326,  28.4538,  9.36
 212, 2016-05-22 01:46:09.770, "51 km NE of Lobujya, Nepal"              ,      4.0 ,   87.2227,  28.2457, 10.37
 213, 2016-05-22 01:32:31.690, "89 km NE of Lobujya, Nepal"              ,      4.5 ,   87.5067,  28.4767,  6.99
 214, 2016-05-21 07:59:00.050, "64 km NE of Lobujya, Nepal"              ,      4.0 ,   87.3528,  28.2817, 10.0
 215, 2016-05-14 22:45:55.420, Nepal                                     ,      4.4 ,   85.3631,  27.8608, 22.11
 216, 2016-05-13 23:20:59.460, "26 km N of Nagarkot, Nepal"              ,      4.0 ,   85.5191,  27.958 , 10.0
 217, 2016-05-11 08:52:47.570, "43 km NNE of Bharatpur, Nepal"           ,      4.5 ,   84.5639,  28.0545, 15.99
 218, 2016-05-11 01:19:42.320, "45 km NW of Kirtipur, Nepal"             ,      4.5 ,   84.9277,  27.9448, 10.23
 219, 2016-05-09 05:17:54.750, "33 km NW of Kod?ri??, Nepal"             ,      4.2 ,   85.7631,  28.21  , 39.31
 220, 2016-05-03 16:31:51.850, "101 km WNW of Rikaze, China"             ,      4.1 ,   87.9346,  29.6379, 25.81
 221, 2016-04-19 17:22:17.910, "109 km ENE of Lobujya, Nepal"            ,      4.3 ,   87.8381,  28.3381, 55.92
 222, 2016-04-16 04:33:03.290, "75 km NE of Lobujya, Nepal"              ,      4.1 ,   87.4392,  28.3437, 10.0
 223, 2016-04-12 14:41:52.170, "40 km SSE of Kod?ri??, Nepal"            ,      4.3 ,   86.0621,  27.6062, 10.0
 224, 2016-04-09 13:20:13.820, "4 km SSW of P?tan, Nepal"                ,      4.1 ,   85.3002,  27.6354, 10.22
 225, 2016-04-04 04:31:26.640, "30 km ESE of Dhulikhel, Nepal"           ,      4.2 ,   85.8383,  27.5381, 23.69
 226, 2016-03-30 12:26:40.280, "11 km NNE of Nagarkot, Nepal"            ,      4.1 ,   85.5483,  27.8164, 10.0
 227, 2016-03-14 21:27:35.270, "1 km NE of Nagarkot, Nepal"              ,      4.3 ,   85.534 ,  27.7234, 27.09
 228, 2016-03-13 05:15:33.690, "41 km ENE of Bharatpur, Nepal"           ,      4.4 ,   84.8208,  27.8303, 10.0
 229, 2016-02-24 09:22:16.670, "24 km ENE of Nagarkot, Nepal"            ,      4.7 ,   85.7365,  27.8322, 10.0
 230, 2016-02-21 18:10:00.970, "40 km NE of Bharatpur, Nepal"            ,      5.1 ,   84.6943,  27.9633, 16.72
 231, 2016-02-10 16:27:41.910, "10 km E of Nagarkot, Nepal"              ,      4.1 ,   85.6292,  27.7118, 21.15
 232, 2016-02-05 16:20:11.740, "19 km N of Kathmandu, Nepal"             ,      5.2 ,   85.3377,  27.8782, 23.53
 233, 2016-01-31 04:39:48.230, "99 km WNW of Saga, China"                ,      4.1 ,   84.2685,  29.6353, 10.0
 234, 2016-01-31 04:18:25.460, "103 km WNW of Saga, China"               ,      4.2 ,   84.2327,  29.6637, 10.0
 235, 2016-01-28 09:36:03.450, "93 km WNW of Rikaze, China"              ,      4.1 ,   87.9565,  29.4663, 10.0
 236, 2016-01-26 16:57:30.840, "104 km WNW of Rikaze, China"             ,      4.2 ,   87.8553,  29.5248, 24.65
 237, 2016-01-21 19:22:43.590, Xizang-Nepal border region                ,      4.5 ,   85.0515,  28.0269, 19.01
 238, 2016-01-14 00:03:52.650, "107 km WNW of Rikaze, China"             ,      4.1 ,   87.8145,  29.4873, 10.0
 239, 2016-01-13 23:15:46.160, "98 km WNW of Rikaze, China"              ,      4.4 ,   88.0054,  29.7043, 10.0
 240, 2015-12-26 04:48:40.050, "47 km E of Dipayal, Nepal"               ,      4.1 ,   81.42  ,  29.1913, 10.0
 241, 2015-12-18 22:16:56.550, "53 km WNW of Jumla, Nepal"               ,      5.4 ,   81.6541,  29.3985, 10.0
 242, 2015-11-24 12:24:15.590, Nepal                                     ,      4.6 ,   84.7587,  28.1552,  8.19
 243, 2015-11-19 04:15:52.600, "21 km NE of Nagarkot, Nepal"             ,      5.0 ,   85.6776,  27.8525, 16.51
 244, 2015-10-12 15:39:07.360, "117 km ESE of Saga, China"               ,      4.5 ,   86.3729,  28.9796, 10.0
 245, 2015-10-09 20:29:56.020, "105 km NNW of Lobujya, Nepal"            ,      4.9 ,   86.469 ,  28.8544, 10.0
 246, 2015-10-09 01:01:21.970, "110 km NNE of Kod?ri??, Nepal"           ,      4.0 ,   86.3397,  28.8999, 10.0
 247, 2015-10-07 04:58:20.550, "44 km WNW of Kirtipur, Nepal"            ,      4.2 ,   84.8817,  27.8771, 34.7
 248, 2015-10-06 23:30:29.260, "32 km S of Kod?ri??, Nepal"              ,      4.3 ,   85.9838,  27.6712, 14.04
 249, 2015-10-06 12:02:40.700, "30 km SE of Kod?ri??, Nepal"             ,      4.0 ,   86.1479,  27.7479, 10.0
 250, 2015-10-05 07:36:25.480, "28 km SE of Kod?ri??, Nepal"             ,      4.3 ,   86.1587,  27.7703, 10.0
 251, 2015-10-05 07:33:21.920, "36 km SSE of Kod?ri??, Nepal"            ,      4.5 ,   86.0343,  27.6395, 10.0
 252, 2015-09-29 10:54:42.010, "24 km SW of Kod?ri??, Nepal"             ,      4.4 ,   85.8162,  27.7769, 10.0
 253, 2015-09-29 09:27:17.090, "21 km NW of Dh?rchula, India"            ,      4.6 ,   80.3737,  29.996 , 35.0
 254, 2015-09-22 06:32:45.680, "21 km W of Kirtipur, Nepal"              ,      4.4 ,   85.0633,  27.6915, 10.0
 255, 2015-09-16 14:52:12.070, "47 km SSE of Kod?ri??, Nepal"            ,      4.2 ,   86.1894,  27.5875,  7.48
 256, 2015-09-01 23:06:40.640, "44 km WSW of Namche Bazar, Nepal"        ,      4.1 ,   86.2819,  27.6836, 16.02
 257, 2015-08-30 13:17:34.680, "12 km ENE of Dhulikhel, Nepal"           ,      4.5 ,   85.6673,  27.6519, 10.0
 258, 2015-08-24 06:53:44.060, "59 km NE of Lobujya, Nepal"              ,      4.0 ,   87.2202,  28.3466, 10.53
 259, 2015-08-23 09:02:05.080, "18 km SE of Kod?ri??, Nepal"             ,      5.0 ,   86.0795,  27.8355, 10.0
 260, 2015-08-17 22:23:57.910, "18 km ESE of Kod?ri??, Nepal"            ,      4.2 ,   86.1322,  27.9066, 10.44
 261, 2015-08-15 18:11:39.530, "28 km S of Kod?ri??, Nepal"              ,      4.7 ,   85.9473,  27.7023, 10.0
 262, 2015-08-15 05:42:20.300, "40 km WNW of Gyalshing, India"           ,      4.4 ,   87.8566,  27.3759, 10.0
 263, 2015-08-14 13:02:26.290, "45 km SSE of Kod?ri??, Nepal"            ,      4.6 ,   86.086 ,  27.5691, 10.0
 264, 2015-08-11 04:57:40.960, "2 km SE of P?tan, Nepal"                 ,      3.7 ,   85.3301,  27.6651,  2.64
 265, 2015-08-09 22:30:26.860, "70 km NNE of Bharatpur, Nepal"           ,      4.2 ,   84.8043,  28.2257, 10.0
 266, 2015-08-05 19:15:56.760, "60 km NNW of Dh?rchula, India"           ,      4.1 ,   80.3368,  30.3652, 10.0
 267, 2015-08-01 12:14:28.560, "121 km NE of Lobujya, Nepal"             ,      4.4 ,   87.6636,  28.7475, 34.28
 268, 2015-08-01 01:37:42.690, "68 km NNW of Kod?ri??, Nepal"            ,      4.0 ,   85.6808,  28.532 , 10.0
 269, 2015-07-22 16:29:47.770, "2 km N of Kirtipur, Nepal"               ,      3.9 ,   85.2824,  27.7012, 14.54
 270, 2015-07-10 21:13:01.030, "28 km SSE of Kod?ri??, Nepal"            ,      4.2 ,   86.0836,  27.7297, 10.0
 271, 2015-07-07 09:31:41.580, "57 km NW of Jumla, Nepal"                ,      4.2 ,   81.733 ,  29.6068, 10.0
 272, 2015-07-06 15:29:07.940, "26 km W of Kod?ri??, Nepal"              ,      4.2 ,   85.6886,  27.9368, 10.0
 273, 2015-07-03 20:04:07.080, "34 km NNW of Hetauda, Nepal"             ,      4.5 ,   84.9064,  27.7236,  3.36
 274, 2015-07-02 01:56:11.700, "30 km N of Nagarkot, Nepal"              ,      4.2 ,   85.5714,  27.9835, 10.0
 275, 2015-06-29 21:46:23.940, "26 km ESE of Panauti, Nepal"             ,      4.3 ,   85.7525,  27.4724, 10.0
 276, 2015-06-29 17:42:43.450, "32 km W of Kod?ri??, Nepal"              ,      4.0 ,   85.6279,  28.003 , 10.0
 277, 2015-06-28 23:57:15.530, "12 km NE of Kod?ri??, Nepal"             ,      4.7 ,   86.056 ,  28.0316, 10.0
 278, 2015-06-25 15:22:19.450, "12 km N of Kathmandu, Nepal"             ,      3.7 ,   85.3302,  27.8139, 10.0
 279, 2015-06-22 07:34:31.780, "45 km ESE of Dhulikhel, Nepal"           ,      4.3 ,   85.9898,  27.5413, 10.0
 280, 2015-06-21 13:41:47.330, "18 km SSE of Kod?ri??, Nepal"            ,      4.1 ,   86.0295,  27.8059, 10.0
 281, 2015-06-20 12:23:05.580, "41 km NNE of Besisahar, Nepal"           ,      4.7 ,   82.6319,  28.5523, 10.0
 282, 2015-06-17 02:15:14.610, "35 km NNW of Kod?ri??, Nepal"            ,      4.3 ,   85.8766,  28.2774, 10.0
 283, 2015-06-17 00:29:59.050, "25 km N of Nagarkot, Nepal"              ,      4.3 ,   85.4981,  27.9426, 10.0
 284, 2015-06-17 00:13:20.190, "4 km NNW of Kathmandu, Nepal"            ,      4.0 ,   85.2944,  27.7381,  5.7
 285, 2015-06-14 07:47:46.830, "31 km NW of Kod?ri??, Nepal"             ,      4.1 ,   85.7529,  28.1763, 10.0
 286, 2015-06-13 01:18:30.200, "38 km SSE of Kod?ri??, Nepal"            ,      4.8 ,   86.0709,  27.6326, 10.0
 287, 2015-06-12 04:34:10.000, "22 km SSE of Kod?ri??, Nepal"            ,      4.0 ,   86.0379,  27.7705, 10.0
 288, 2015-06-11 19:37:06.220, "54 km NNE of Bharatpur, Nepal"           ,      4.4 ,   84.6937,  28.115 , 10.32
 289, 2015-06-11 16:12:20.290, "14 km NNE of Nagarkot, Nepal"            ,      4.8 ,   85.5836,  27.8321, 24.49
 290, 2015-06-11 04:17:46.340, "17 km WSW of Kod?ri??, Nepal"            ,      4.2 ,   85.7959,  27.8955, 10.0
 291, 2015-06-07 05:17:45.900, "28 km N of Nagarkot, Nepal"              ,      4.2 ,   85.5328,  27.9734, 10.0
 292, 2015-06-03 07:52:37.640, "14 km ENE of Kod?ri??, Nepal"            ,      4.0 ,   86.0953,  28.011 , 10.0
 293, 2015-05-30 16:28:19.320, "41 km WNW of Kirtipur, Nepal"            ,      4.3 ,   84.9263,  27.8802, 10.0
 294, 2015-05-29 10:00:00.270, "47 km NE of Bharatpur, Nepal"            ,      4.8 ,   84.7819,  27.9798, 10.0
 295, 2015-05-28 23:35:52.170, "50 km NNE of Bharatpur, Nepal"           ,      4.0 ,   84.6435,  28.0923, 10.0
 296, 2015-05-27 16:45:00.460, "70 km NNW of Kathmandu, Nepal"           ,      4.1 ,   84.9717,  28.2528, 10.0
 297, 2015-05-27 07:30:58.810, "31 km W of Hetauda, Nepal"               ,      4.4 ,   84.716 ,  27.4029, 10.0
 298, 2015-05-27 07:30:41.910, "38 km ENE of R?mnagar, India"            ,      4.0 ,   84.6635,  27.3256, 10.0
 299, 2015-05-26 17:07:14.360, "62 km NNW of Kathmandu, Nepal"           ,      4.6 ,   85.1005,  28.2338, 10.0
 300, 2015-05-26 14:15:30.970, "14 km SSE of Hetauda, Nepal"             ,      3.7 ,   85.0688,  27.3029, 10.0
 301, 2015-05-25 10:46:03.060, "80 km NNE of Lobujya, Nepal"             ,      4.3 ,   87.2411,  28.5718, 42.44
 302, 2015-05-24 21:38:40.840, "45 km NNE of Bharatpur, Nepal"           ,      4.4 ,   84.6734,  28.0271, 10.0
 303, 2015-05-22 19:07:41.930, "73 km SE of Burang, China"               ,      4.3 ,   81.6888,  29.8042, 10.0
 304, 2015-05-22 13:04:05.930, Nepal                                     ,      4.1 ,   85.6936,  27.6635, 10.0
 305, 2015-05-22 11:45:47.370, "47 km SSE of Kod?ri??, Nepal"            ,      4.3 ,   86.0511,  27.5438, 10.0
 306, 2015-05-22 10:59:33.780, "43 km NW of Kirtipur, Nepal"             ,      4.7 ,   84.9671,  27.9555, 10.0
 307, 2015-05-21 09:11:55.640, "16 km NNW of Kirtipur, Nepal"            ,      4.0 ,   85.209 ,  27.8173, 10.0
 308, 2015-05-20 09:02:32.260, "11 km S of Hetauda, Nepal"               ,      4.6 ,   85.0483,  27.3231, 10.0
 309, 2015-05-19 10:59:30.690, "22 km SSW of Kod?ri??, Nepal"            ,      4.2 ,   85.868 ,  27.7722, 10.0
 310, 2015-05-18 22:49:50.890, "34 km E of Dhulikhel, Nepal"             ,      4.4 ,   85.8925,  27.5867, 10.0
 311, 2015-05-18 12:42:09.240, "39 km NE of Bharatpur, Nepal"            ,      4.1 ,   84.6997,  27.9438, 10.0
 312, 2015-05-17 05:45:38.500, "28 km E of Dhulikhel, Nepal"             ,      4.3 ,   85.8239,  27.5777, 10.0
 313, 2015-05-16 23:15:26.060, "31 km S of Kod?ri??, Nepal"              ,      4.4 ,   85.9514,  27.6804, 10.0
 314, 2015-05-16 20:02:53.740, "44 km NE of Bharatpur, Nepal"            ,      4.1 ,   84.6978,  28.0094, 10.0
 315, 2015-05-16 11:34:09.980, "45 km SSE of Kod?ri??, Nepal"            ,      5.5 ,   86.0734,  27.5603,  7.0
 316, 2015-05-16 03:50:21.210, "14 km ENE of Hetauda, Nepal"             ,      4.2 ,   85.1653,  27.4751, 10.0
 317, 2015-05-16 03:39:26.920, "16 km E of Dhulikhel, Nepal"             ,      4.7 ,   85.713 ,  27.6386, 10.0
 318, 2015-05-16 00:46:06.830, "37 km NNE of Bharatpur, Nepal"           ,      4.1 ,   84.5187,  28.0074, 10.0
 319, 2015-05-15 01:42:42.800, "45 km NE of Bharatpur, Nepal"            ,      4.9 ,   84.7499,  27.9719, 10.0
 320, 2015-05-14 14:36:39.530, "45 km NNW of Nagarkot, Nepal"            ,      3.9 ,   85.3994,  28.1148, 10.0
 321, 2015-05-14 03:07:38.770, "37 km SSE of Kod?ri??, Nepal"            ,      4.4 ,   86.1515,  27.6713, 10.0
 322, 2015-05-13 21:38:06.390, "28 km SSE of Kod?ri??, Nepal"            ,      5.0 ,   86.0503,  27.7199,  8.38
 323, 2015-05-13 10:59:41.150, "19 km SSE of Kod?ri??, Nepal"            ,      4.2 ,   86.038 ,  27.8014, 10.0
 324, 2015-05-13 09:52:27.990, "39 km W of Namche Bazar, Nepal"          ,      4.2 ,   86.3084,  27.7666, 10.0
 325, 2015-05-13 06:53:00.780, "35 km SE of Kod?ri??, Nepal"             ,      4.8 ,   86.1891,  27.7201, 10.0
 326, 2015-05-13 06:37:30.290, "28 km SE of Kod?ri??, Nepal"             ,      4.5 ,   86.1379,  27.7582, 10.0
 327, 2015-05-13 06:26:07.550, "39 km SSE of Kod?ri??, Nepal"            ,      4.7 ,   86.1557,  27.6539, 10.0
 328, 2015-05-13 02:43:47.590, "42 km WSW of Namche Bazar, Nepal"        ,      4.1 ,   86.3299,  27.6248, 10.0
 329, 2015-05-13 02:23:10.920, "42 km SE of Kod?ri??, Nepal"             ,      4.1 ,   86.2315,  27.6695, 10.0
 330, 2015-05-12 21:57:14.320, "18 km SSE of Kod?ri??, Nepal"            ,      4.0 ,   86.0034,  27.8032, 10.0
 331, 2015-05-12 21:25:11.930, "23 km ENE of Bharatpur, Nepal"           ,      5.2 ,   84.6384,  27.783 , 10.0
 332, 2015-05-12 20:44:28.940, "28 km E of Kod?ri??, Nepal"              ,      4.0 ,   86.2389,  27.9152,  5.36
 333, 2015-05-12 20:22:16.260, "16 km SW of Kirtipur, Nepal"             ,      4.3 ,   85.1413,  27.5858, 13.35
 334, 2015-05-12 19:37:40.910, "34 km SSE of Kod?ri??, Nepal"            ,      4.5 ,   86.1308,  27.6868,  8.52
 335, 2015-05-12 19:34:59.090, "40 km SSE of Kod?ri??, Nepal"            ,      4.3 ,   86.1584,  27.6432, 10.93
 336, 2015-05-12 18:51:44.210, "44 km WSW of Namche Bazar, Nepal"        ,      4.1 ,   86.294 ,  27.6456, 11.23
 337, 2015-05-12 18:49:05.090, "39 km SE of Kod?ri??, Nepal"             ,      4.0 ,   86.2514,  27.717 , 15.68
 338, 2015-05-12 17:28:39.250, "53 km SSE of Kod?ri??, Nepal"            ,      4.8 ,   86.1266,  27.4989, 10.0
 339, 2015-05-12 16:55:22.990, "27 km S of Kod?ri??, Nepal"              ,      4.4 ,   85.9418,  27.712 ,  6.54
 340, 2015-05-12 16:32:09.050, "46 km SE of Kod?ri??, Nepal"             ,      4.0 ,   86.2307,  27.617 , 10.0
 341, 2015-05-12 16:15:14.100, "35 km SE of Kod?ri??, Nepal"             ,      4.0 ,   86.2211,  27.7411, 10.0
 342, 2015-05-12 15:59:46.930, "44 km WSW of Namche Bazar, Nepal"        ,      4.4 ,   86.2971,  27.6485, 10.0
 343, 2015-05-12 15:32:25.690, "22 km SSE of Kod?ri??, Nepal"            ,      4.2 ,   86.0808,  27.7866, 10.0
 344, 2015-05-12 15:28:19.810, "39 km SE of Kod?ri??, Nepal"             ,      4.4 ,   86.2602,  27.721 , 10.0
 345, 2015-05-12 13:58:57.540, "49 km WSW of Namche Bazar, Nepal"        ,      4.5 ,   86.2659,  27.6013, 10.0
 346, 2015-05-12 13:47:05.250, "25 km SSW of Kod?ri??, Nepal"            ,      4.4 ,   85.8975,  27.7321, 10.0
 347, 2015-05-12 13:43:17.520, "24 km SSW of Kod?ri??, Nepal"            ,      4.4 ,   85.9016,  27.7461, 10.0
 348, 2015-05-12 13:25:25.120, "39 km SSE of Kod?ri??, Nepal"            ,      4.2 ,   86.1632,  27.6516,  7.9
 349, 2015-05-12 13:10:40.840, "9 km S of Kod?ri??, Nepal"               ,      4.1 ,   85.9511,  27.8728, 10.61
 350, 2015-05-12 13:08:10.140, "38 km S of Kod?ri??, Nepal"              ,      4.4 ,   85.9896,  27.6132, 10.0
 351, 2015-05-12 13:02:17.180, "26 km E of Dhulikhel, Nepal"             ,      4.0 ,   85.8062,  27.6406, 10.0
 352, 2015-05-12 12:28:22.930, Nepal                                     ,      4.5 ,   85.9931,  27.6751, 10.0
 353, 2015-05-12 11:58:12.150, "30 km S of Kod?ri??, Nepal"              ,      4.3 ,   85.9018,  27.6936, 10.0
 354, 2015-05-12 11:21:30.590, "35 km SSE of Kod?ri??, Nepal"            ,      4.4 ,   86.1369,  27.6838, 10.0
 355, 2015-05-12 11:13:21.490, "15 km S of Kod?ri??, Nepal"              ,      4.1 ,   85.982 ,  27.8202, 10.0
 356, 2015-05-12 11:06:34.600, "42 km SE of Kod?ri??, Nepal"             ,      4.2 ,   86.2033,  27.6414, 10.0
 357, 2015-05-12 10:53:22.920, "34 km SE of Kod?ri??, Nepal"             ,      4.0 ,   86.199 ,  27.7305, 10.0
 358, 2015-05-12 10:42:22.330, "51 km SW of Namche Bazar, Nepal"         ,      4.0 ,   86.3405,  27.4765, 10.0
 359, 2015-05-12 10:41:32.260, "41 km SE of Kod?ri??, Nepal"             ,      4.5 ,   86.2746,  27.716 , 10.0
 360, 2015-05-12 10:40:07.870, "30 km W of Namche Bazar, Nepal"          ,      4.6 ,   86.4044,  27.7987, 10.0
 361, 2015-05-12 10:35:39.950, "35 km SSE of Kod?ri??, Nepal"            ,      4.5 ,   86.0849,  27.6606, 10.0
 362, 2015-05-12 10:31:00.570, "30 km S of Kod?ri??, Nepal"              ,      4.4 ,   85.9158,  27.6896, 10.01
 363, 2015-05-12 10:15:07.680, "34 km SE of Kod?ri??, Nepal"             ,      4.3 ,   86.1734,  27.7172, 10.0
 364, 2015-05-12 09:44:38.980, "22 km S of Kod?ri??, Nepal"              ,      4.2 ,   85.9301,  27.7617, 10.0
 365, 2015-05-12 09:38:19.460, "43 km SE of Kod?ri??, Nepal"             ,      4.5 ,   86.2505,  27.6658, 10.0
 366, 2015-05-12 09:02:09.780, "27 km SSE of Kod?ri??, Nepal"            ,      4.6 ,   86.0672,  27.7318, 10.0
 367, 2015-05-12 08:59:39.740, "31 km SE of Kod?ri??, Nepal"             ,      4.5 ,   86.195 ,  27.7729, 10.0
 368, 2015-05-12 08:52:30.290, "37 km E of Kod?ri??, Nepal"              ,      4.0 ,   86.3358,  28.0084, 10.0
 369, 2015-05-12 08:51:32.500, "43 km SE of Kod?ri??, Nepal"             ,      4.3 ,   86.2138,  27.6469, 10.0
 370, 2015-05-12 08:39:07.940, "24 km SSE of Kod?ri??, Nepal"            ,      4.0 ,   86.01  ,  27.7431, 10.0
 371, 2015-05-12 08:35:36.710, "37 km SE of Kod?ri??, Nepal"             ,      4.4 ,   86.2108,  27.7042, 10.0
 372, 2015-05-12 08:34:24.130, "25 km NNE of Kod?ri??, Nepal"            ,      4.3 ,   86.0143,  28.1877, 16.34
 373, 2015-05-12 08:24:24.340, "25 km SSE of Kod?ri??, Nepal"            ,      4.8 ,   86.0692,  27.7486, 10.0
 374, 2015-05-12 08:21:10.760, "30 km SE of Kod?ri??, Nepal"             ,      5.2 ,   86.1316,  27.7298, 15.0
 375, 2015-05-12 08:13:54.600, "23 km ENE of Nagarkot, Nepal"            ,      5.1 ,   85.7574,  27.7629, 15.0
 376, 2015-05-12 08:11:22.590, "24 km ESE of Panauti, Nepal"             ,      4.3 ,   85.7306,  27.4654, 10.0
 377, 2015-05-12 08:06:05.530, "27 km SSE of Kod?ri??, Nepal"            ,      5.0 ,   86.0161,  27.7221, 15.0
 378, 2015-05-12 08:05:25.540, "18 km ESE of Kod?ri??, Nepal"            ,      4.2 ,   86.1387,  27.9198, 10.0
 379, 2015-05-12 07:57:17.360, "17 km WSW of Namche Bazar, Nepal"        ,      4.5 ,   86.5554,  27.7351, 10.0
 380, 2015-05-12 07:48:51.490, "39 km SE of Kod?ri??, Nepal"             ,      4.9 ,   86.2576,  27.7224, 10.0
 381, 2015-05-12 07:47:46.350, "45 km S of Kod?ri??, Nepal"              ,      4.9 ,   86.039 ,  27.5579, 10.0
 382, 2015-05-12 07:43:17.310, "44 km SE of Kod?ri??, Nepal"             ,      4.9 ,   86.2387,  27.6521, 11.77
 383, 2015-05-12 07:36:54.490, "42 km SSE of Kod?ri??, Nepal"            ,      6.3 ,   86.1617,  27.625 , 15.0
 384, 2015-05-12 07:34:22.630, "37 km SE of Kod?ri??, Nepal"             ,      5.4 ,   86.2449,  27.7458, 10.0
 385, 2015-05-12 07:33:09.760, "24 km SSE of Kod?ri??, Nepal"            ,      4.1 ,   86.0099,  27.7477, 10.0
 386, 2015-05-12 07:23:32.670, "52 km WSW of Namche Bazar, Nepal"        ,      5.0 ,   86.2566,  27.5589, 10.0
 387, 2015-05-12 07:22:15.290, "50 km SSE of Kod?ri??, Nepal"            ,      4.8 ,   86.2338,  27.5796, 10.0
 388, 2015-05-12 07:20:47.170, "69 km NNW of Lah?n, Nepal"               ,      4.9 ,   86.2369,  27.3073, 10.0
 389, 2015-05-12 07:17:20.640, "37 km SE of Kod?ri??, Nepal"             ,      5.5 ,   86.2177,  27.7141, 13.01
 390, 2015-05-12 07:05:19.730, Nepal                                     ,      7.3 ,   86.0655,  27.8087, 15.0
 391, 2015-05-11 14:52:40.550, "26 km E of Nagarkot, Nepal"              ,      4.3 ,   85.789 ,  27.7589, 10.0
 392, 2015-05-11 14:50:59.760, "3 km SSW of Kod?ri??, Nepal"             ,      4.3 ,   85.9366,  27.9326, 10.0
 393, 2015-05-11 03:20:36.900, "13 km WNW of Kod?ri??, Nepal"            ,      4.0 ,   85.827 ,  28.0071, 10.0
 394, 2015-05-10 09:38:32.750, Nepal                                     ,      4.3 ,   85.5858,  27.4485, 10.0
 395, 2015-05-10 00:49:52.770, "20 km SSE of Kod?ri??, Nepal"            ,      4.0 ,   86.001 ,  27.7776, 10.0
 396, 2015-05-08 21:23:27.700, "40 km NW of Kirtipur, Nepal"             ,      4.0 ,   85.0259,  27.9634, 10.0
 397, 2015-05-08 07:47:54.460, "10 km S of Kod?ri??, Nepal"              ,      4.2 ,   85.9591,  27.8668, 10.0
 398, 2015-05-08 00:32:33.960, "35 km S of Kod?ri??, Nepal"              ,      4.9 ,   85.979 ,  27.6418, 11.56
 399, 2015-05-07 16:30:47.390, "11 km NNW of Nagarkot, Nepal"            ,      3.4 ,   85.4869,  27.8141, 10.0
 400, 2015-05-06 21:56:28.670, "14 km SW of Kirtipur, Nepal"             ,      3.5 ,   85.1661,  27.5965, 10.0
 401, 2015-05-06 15:13:19.940, "4 km ENE of Dhulikhel, Nepal"            ,      3.8 ,   85.5861,  27.6348, 10.0
 402, 2015-05-05 11:15:40.410, "29 km S of Kod?ri??, Nepal"              ,      4.1 ,   85.9535,  27.6962, 10.0
 403, 2015-05-05 10:38:47.120, "26 km S of Kod?ri??, Nepal"              ,      4.1 ,   85.9867,  27.7226, 10.0
 404, 2015-05-04 14:19:03.470, "16 km SSW of Kod?ri??, Nepal"            ,      4.2 ,   85.9036,  27.8147, 10.0
 405, 2015-05-04 12:17:13.450, "19 km SSE of Kod?ri??, Nepal"            ,      4.1 ,   86.0097,  27.7864, 10.0
 406, 2015-05-04 08:50:00.820, "21 km E of Kod?ri??, Nepal"              ,      4.0 ,   86.1704,  27.926 , 10.0
 407, 2015-05-04 01:15:07.070, "36 km S of Kod?ri??, Nepal"              ,      4.5 ,   85.9746,  27.6326, 10.0
 408, 2015-05-03 23:14:15.460, "26 km SSW of Kod?ri??, Nepal"            ,      4.2 ,   85.8791,  27.7349, 10.0
 409, 2015-05-03 11:35:11.090, "31 km NNW of Hetauda, Nepal"             ,      4.3 ,   84.9331,  27.6999, 10.0
 410, 2015-05-03 02:15:26.910, "19 km ENE of Bharatpur, Nepal"           ,      4.0 ,   84.6005,  27.7665, 10.0
 411, 2015-05-02 21:44:09.970, "35 km S of Kod?ri??, Nepal"              ,      4.3 ,   85.9324,  27.6395, 10.0
 412, 2015-05-02 15:16:18.050, "33 km S of Kod?ri??, Nepal"              ,      4.3 ,   85.9494,  27.6545, 10.0
 413, 2015-05-02 09:41:16.290, "24 km NNE of Kathmandu, Nepal"           ,      4.2 ,   85.369 ,  27.9171, 10.0
 414, 2015-05-02 05:35:46.930, Nepal                                     ,      4.9 ,   84.6576,  28.3143, 10.0
 415, 2015-05-02 03:47:03.740, "11 km NNE of Kathmandu, Nepal"           ,      4.0 ,   85.3532,  27.7972, 10.0
 416, 2015-05-02 01:03:10.740, "21 km SSW of Kod?ri??, Nepal"            ,      4.0 ,   85.9042,  27.7751, 10.0
 417, 2015-05-02 00:10:49.450, "15 km ESE of Hetauda, Nepal"             ,      4.0 ,   85.1775,  27.3802, 10.0
 418, 2015-05-01 22:10:09.980, "3 km ESE of Dhulikhel, Nepal"            ,      4.0 ,   85.5759,  27.6072, 10.0
 419, 2015-05-01 18:47:16.520, "20 km ENE of Bharatpur, Nepal"           ,      4.1 ,   84.6329,  27.7249, 10.0
 420, 2015-05-01 04:39:19.300, "68 km NNE of Kod?ri??, Nepal"            ,      4.0 ,   86.2397,  28.5301, 10.0
 421, 2015-04-30 17:34:37.620, "31 km NNW of Kod?ri??, Nepal"            ,      3.8 ,   85.8071,  28.2119, 10.0
 422, 2015-04-30 00:37:10.880, "34 km NE of Bharatpur, Nepal"            ,      4.3 ,   84.6664,  27.9057, 10.0
 423, 2015-04-29 22:10:52.110, "58 km NE of Lobujya, Nepal"              ,      4.5 ,   87.2319,  28.33  , 10.0
 424, 2015-04-29 17:16:33.470, "24 km NE of Nagarkot, Nepal"             ,      4.4 ,   85.7031,  27.8677, 10.0
 425, 2015-04-29 17:16:14.460, "50 km NNE of Bharatpur, Nepal"           ,      4.1 ,   84.676 ,  28.0838, 18.76
 426, 2015-04-29 11:27:45.310, "19 km NW of Nagarkot, Nepal"             ,      4.6 ,   85.4086,  27.864 , 10.0
 427, 2015-04-29 09:39:14.120, "14 km ENE of Bharatpur, Nepal"           ,      4.2 ,   84.564 ,  27.7449, 10.0
 428, 2015-04-28 21:44:23.980, "7 km W of Kod?ri??, Nepal"               ,      4.1 ,   85.8817,  27.9577, 10.0
 429, 2015-04-27 23:20:28.520, "29 km N of Kathmandu, Nepal"             ,      4.2 ,   85.2821,  27.9641, 10.0
 430, 2015-04-27 21:27:41.790, "21 km SW of Kod?ri??, Nepal"             ,      4.2 ,   85.7877,  27.841 , 10.0
 431, 2015-04-27 21:14:57.990, Nepal                                     ,      3.7 ,   85.4008,  27.8402, 10.0
 432, 2015-04-27 18:59:57.010, "43 km NNE of Bharatpur, Nepal"           ,      4.8 ,   84.682 ,  28.0066, 21.35
 433, 2015-04-27 15:51:46.110, "15 km W of Kirtipur, Nepal"              ,      4.3 ,   85.1212,  27.6728, 10.0
 434, 2015-04-27 14:57:00.080, "18 km SSW of Kod?ri??, Nepal"            ,      4.0 ,   85.8855,  27.8065, 10.0
 435, 2015-04-27 14:42:39.210, "9 km NE of Dhulikhel, Nepal"             ,      4.3 ,   85.6085,  27.6802, 10.0
 436, 2015-04-27 13:17:47.600, "41 km NNE of Bharatpur, Nepal"           ,      4.3 ,   84.5829,  28.0231, 19.52
 437, 2015-04-27 12:35:53.930, "13 km ESE of Il?m, Nepal"                ,      5.1 ,   88.055 ,  26.8644, 31.71
 438, 2015-04-27 06:00:00.390, "22 km SE of Kod?ri??, Nepal"             ,      4.0 ,   86.1373,  27.8347, 10.0
 439, 2015-04-27 04:14:44.840, "40 km NE of Bharatpur, Nepal"            ,      4.1 ,   84.7251,  27.9352, 10.0
 440, 2015-04-27 01:15:51.060, "29 km ESE of Panauti, Nepal"             ,      4.3 ,   85.7818,  27.4565, 10.0
 441, 2015-04-27 00:39:16.330, "28 km NNW of Hetauda, Nepal"             ,      4.1 ,   84.9579,  27.6794, 10.0
 442, 2015-04-26 22:32:34.720, "16 km ESE of Panauti, Nepal"             ,      4.6 ,   85.6751,  27.5298, 10.0
 443, 2015-04-26 20:39:20.030, "19 km WSW of Kod?ri??, Nepal"            ,      4.3 ,   85.7813,  27.8804, 10.0
 444, 2015-04-26 18:54:49.080, "47 km NE of Bharatpur, Nepal"            ,      4.4 ,   84.7645,  27.9888, 10.0
 445, 2015-04-26 18:06:31.490, "7 km NE of Kathmandu, Nepal"             ,      4.2 ,   85.3686,  27.7579, 10.0
 446, 2015-04-26 16:26:06.730, "17 km SSW of Kod?ri??, Nepal"            ,      5.0 ,   85.865 ,  27.8297, 14.0
 447, 2015-04-26 14:57:04.380, "53 km NNE of Bharatpur, Nepal"           ,      4.3 ,   84.6464,  28.1223, 10.0
 448, 2015-04-26 14:44:50.510, "30 km S of Kod?ri??, Nepal"              ,      4.5 ,   85.9657,  27.686 , 10.0
 449, 2015-04-26 13:11:15.170, "14 km N of Madhyapur Thimi, Nepal"       ,      4.5 ,   85.4088,  27.8112, 10.0
 450, 2015-04-26 12:34:41.310, "18 km ESE of Dhulikhel, Nepal"           ,      4.0 ,   85.7179,  27.5683,  8.42
 451, 2015-04-26 09:42:03.630, "43 km ESE of Dhulikhel, Nepal"           ,      4.3 ,   85.9371,  27.4422, 10.0
 452, 2015-04-26 08:46:17.050, "15 km WSW of Kod?ri??, Nepal"            ,      4.4 ,   85.8032,  27.9232, 10.0
 453, 2015-04-26 08:40:55.820, "27 km SSW of Kod?ri??, Nepal"            ,      4.6 ,   85.854 ,  27.7307, 10.0
 454, 2015-04-26 08:22:12.350, "12 km WNW of Kod?ri??, Nepal"            ,      4.4 ,   85.8449,  28.0119, 10.0
 455, 2015-04-26 08:10:37.340, "24 km SW of Kod?ri??, Nepal"             ,      4.3 ,   85.781 ,  27.8072, 10.0
 456, 2015-04-26 07:50:26.020, "25 km SSE of Kod?ri??, Nepal"            ,      4.2 ,   86.0078,  27.7325, 10.0
 457, 2015-04-26 07:43:17.480, "34 km N of Janakpur, Nepal"              ,      4.3 ,   85.9863,  27.0336, 10.0
 458, 2015-04-26 07:36:26.570, "22 km S of Kod?ri??, Nepal"              ,      4.7 ,   85.9822,  27.7555, 10.0
 459, 2015-04-26 07:26:04.190, "29 km S of Kod?ri??, Nepal"              ,      4.9 ,   85.9136,  27.7004, 10.0
 460, 2015-04-26 07:09:10.670, "21 km SSE of Kod?ri??, Nepal"            ,      6.7 ,   86.0173,  27.7711, 22.91
 461, 2015-04-26 04:58:40.040, "44 km NE of Bharatpur, Nepal"            ,      4.5 ,   84.7082,  27.9966, 10.0
 462, 2015-04-26 04:50:29.550, "36 km N of Kathmandu, Nepal"             ,      4.1 ,   85.3595,  28.0281, 10.0
 463, 2015-04-26 04:40:16.330, "59 km NNE of Bharatpur, Nepal"           ,      4.0 ,   84.6699,  28.1724, 10.0
 464, 2015-04-26 03:21:36.160, "13 km SSE of Panauti, Nepal"             ,      4.3 ,   85.5624,  27.469 , 10.0
 465, 2015-04-26 02:48:39.070, "60 km E of Pokhara, Nepal"               ,      4.5 ,   84.5858,  28.2272, 10.0
 466, 2015-04-26 02:33:26.940, "38 km SSE of Kod?ri??, Nepal"            ,      4.1 ,   86.0531,  27.6257, 10.0
 467, 2015-04-26 02:02:07.850, "4 km SSW of Hari Bdr Tamang House, Nepal",      4.2 ,   85.4424,  27.5936, 10.0
 468, 2015-04-25 23:55:46.070, "28 km E of Dhulikhel, Nepal"             ,      4.1 ,   85.8354,  27.6098,  6.57
 469, 2015-04-25 23:41:53.750, "34 km SSE of Kod?ri??, Nepal"            ,      4.5 ,   86.0726,  27.6678, 15.68
 470, 2015-04-25 23:16:15.450, "42 km WNW of Kirtipur, Nepal"            ,      5.1 ,   84.8715,  27.7993, 13.61
 471, 2015-04-25 23:12:52.060, "41 km SSE of Kod?ri??, Nepal"            ,      4.0 ,   86.0873,  27.6038,  9.21
 472, 2015-04-25 21:07:20.000, "25 km SSW of Kod?ri??, Nepal"            ,      4.6 ,   85.8114,  27.7657, 23.88
 473, 2015-04-25 20:32:48.240, "35 km S of Kod?ri??, Nepal"              ,      4.4 ,   85.9241,  27.6437, 10.0
 474, 2015-04-25 20:07:01.970, "34 km NNE of Bharatpur, Nepal"           ,      4.4 ,   84.5282,  27.9754, 10.0
 475, 2015-04-25 18:58:34.530, "5 km SE of P?tan, Nepal"                 ,      4.2 ,   85.3501,  27.6376, 14.2
 476, 2015-04-25 17:46:17.590, "31 km NNE of Kod?ri??, Nepal"            ,      4.5 ,   86.1072,  28.2139, 35.26
 477, 2015-04-25 17:42:50.910, "33 km NNW of Kod?ri??, Nepal"            ,      5.1 ,   85.829 ,  28.238 , 10.0
 478, 2015-04-25 16:27:21.660, "20 km NNE of Nagarkot, Nepal"            ,      4.9 ,   85.6359,  27.8695, 10.0
 479, 2015-04-25 14:10:03.730, "28 km SSW of Kod?ri??, Nepal"            ,      4.6 ,   85.8748,  27.7109, 10.0
 480, 2015-04-25 13:36:14.620, "26 km S of Kod?ri??, Nepal"              ,      4.7 ,   85.9826,  27.7266, 10.0
 481, 2015-04-25 13:30:28.030, "50 km NNW of Kirtipur, Nepal"            ,      4.6 ,   85.0378,  28.0768, 10.0
 482, 2015-04-25 13:29:31.610, "23 km SW of Kod?ri??, Nepal"             ,      4.3 ,   85.7909,  27.8055, 10.0
 483, 2015-04-25 12:44:05.170, "48 km NNE of Bharatpur, Nepal"           ,      5.2 ,   84.5594,  28.0979, 10.0
 484, 2015-04-25 12:39:52.630, "54 km SSE of Kod?ri??, Nepal"            ,      4.0 ,   86.0952,  27.4844, 10.0
 485, 2015-04-25 12:17:54.790, "24 km NNW of Nagarkot, Nepal"            ,      4.5 ,   85.449 ,  27.9261, 10.0
 486, 2015-04-25 12:12:14.790, "33 km S of Kod?ri??, Nepal"              ,      4.3 ,   85.8954,  27.6645, 10.0
 487, 2015-04-25 12:01:10.730, "11 km SSW of Kod?ri??, Nepal"            ,      4.2 ,   85.9255,  27.8638, 10.0
 488, 2015-04-25 11:41:47.700, "47 km NNW of Kathmandu, Nepal"           ,      4.2 ,   85.0566,  28.0596, 10.0
 489, 2015-04-25 11:23:47.560, "3 km NW of Hari Bdr Tamang House, Nepal" ,      4.5 ,   85.4309,  27.6483, 10.0
 490, 2015-04-25 11:18:30.100, "47 km ESE of Dhulikhel, Nepal"           ,      4.4 ,   86.0058,  27.4923, 10.0
 491, 2015-04-25 11:15:18.020, "40 km SSE of Kod?ri??, Nepal"            ,      4.0 ,   86.0505,  27.6021, 10.0
 492, 2015-04-25 11:05:01.240, "24 km N of Nagarkot, Nepal"              ,      4.2 ,   85.5471,  27.933 , 10.0
 493, 2015-04-25 10:53:43.530, "18 km SSW of Kod?ri??, Nepal"            ,      4.6 ,   85.8842,  27.8061, 10.0
 494, 2015-04-25 10:52:00.490, "13 km SE of Panauti, Nepal"              ,      4.0 ,   85.6304,  27.5075, 10.0
 495, 2015-04-25 10:50:45.880, "55 km NNE of Bharatpur, Nepal"           ,      4.2 ,   84.6237,  28.1447, 10.0
 496, 2015-04-25 10:40:35.550, Nepal                                     ,      4.8 ,   85.9565,  27.6033, 10.0
 497, 2015-04-25 10:40:13.500, "24 km SSW of Kod?ri??, Nepal"            ,      4.1 ,   85.8322,  27.7704, 10.0
 498, 2015-04-25 10:23:17.670, "23 km SW of Kod?ri??, Nepal"             ,      4.4 ,   85.8035,  27.7999, 10.0
 499, 2015-04-25 10:10:32.840, "73 km NNE of Bharatpur, Nepal"           ,      4.2 ,   84.7255,  28.2838, 10.0
 500, 2015-04-25 09:53:32.600, "20 km ESE of Dhulikhel, Nepal"           ,      4.0 ,   85.7255,  27.5326, 10.0
 501, 2015-04-25 09:43:00.840, "57 km NW of Kirtipur, Nepal"             ,      4.4 ,   84.8842,  28.0668, 10.0
 502, 2015-04-25 09:30:29.690, "30 km N of Nagarkot, Nepal"              ,      4.9 ,   85.5209,  27.9945, 10.0
 503, 2015-04-25 09:28:00.080, "33 km N of Kathmandu, Nepal"             ,      4.4 ,   85.3104,  28.0061, 10.0
 504, 2015-04-25 09:22:36.900, "22 km E of Nagarkot, Nepal"              ,      4.7 ,   85.7503,  27.7192, 10.0
 505, 2015-04-25 09:17:02.310, "69 km NE of Lobujya, Nepal"              ,      5.7 ,   87.3173,  28.3902, 10.0
 506, 2015-04-25 09:03:14.960, "19 km N of Kathmandu, Nepal"             ,      4.8 ,   85.3426,  27.8743, 10.0
 507, 2015-04-25 09:01:51.540, "24 km NW of Kirtipur, Nepal"             ,      4.4 ,   85.0718,  27.8084, 10.0
 508, 2015-04-25 08:55:55.960, "0 km WNW of Panauti??, Nepal"            ,      5.3 ,   85.5058,  27.5866, 10.0
 509, 2015-04-25 08:49:09.080, "37 km NNW of Hetauda, Nepal"             ,      4.4 ,   84.8893,  27.7404, 10.0
 510, 2015-04-25 08:36:05.260, Nepal                                     ,      4.2 ,   85.1727,  27.7292, 10.0
 511, 2015-04-25 08:31:32.430, "32 km S of Kod?ri??, Nepal"              ,      4.6 ,   85.9539,  27.6708, 10.0
 512, 2015-04-25 08:29:24.560, "33 km NNE of Bharatpur, Nepal"           ,      5.0 ,   84.6218,  27.9351, 10.0
 513, 2015-04-25 08:22:47.620, "12 km NNE of Nagarkot, Nepal"            ,      4.6 ,   85.5666,  27.8166, 10.0
 514, 2015-04-25 08:20:48.800, "12 km WSW of Kirtipur, Nepal"            ,      4.9 ,   85.16  ,  27.6429, 10.0
 515, 2015-04-25 08:20:11.160, "19 km SW of Kod?ri??, Nepal"             ,      4.7 ,   85.7931,  27.8549, 10.0
 516, 2015-04-25 08:16:59.230, "22 km ENE of Dhulikhel, Nepal"           ,      4.9 ,   85.7563,  27.7014, 10.0
 517, 2015-04-25 08:05:37.950, "22 km SW of Kod?ri??, Nepal"             ,      4.6 ,   85.7943,  27.8132, 10.0
 518, 2015-04-25 07:59:14.660, "22 km SW of Kod?ri??, Nepal"             ,      4.4 ,   85.7676,  27.8426, 10.0
 519, 2015-04-25 07:55:44.070, "14 km NNW of Nagarkot, Nepal"            ,      4.4 ,   85.4875,  27.846 , 10.0
 520, 2015-04-25 07:47:01.480, "13 km NNE of Nagarkot, Nepal"            ,      5.0 ,   85.5955,  27.8172, 10.0
 521, 2015-04-25 07:39:33.970, "20 km ENE of Dhulikhel, Nepal"           ,      4.5 ,   85.7383,  27.6821, 10.0
 522, 2015-04-25 07:34:55.190, "28 km NNE of Nagarkot, Nepal"            ,      4.3 ,   85.6099,  27.9633, 10.0
 523, 2015-04-25 07:33:47.410, "28 km W of Kirtipur, Nepal"              ,      4.3 ,   84.9918,  27.6891, 10.0
 524, 2015-04-25 07:23:38.520, "18 km SSW of Kod?ri??, Nepal"            ,      4.4 ,   85.8924,  27.8053, 10.0
 525, 2015-04-25 07:22:55.740, "13 km SW of Kod?ri??, Nepal"             ,      4.2 ,   85.8478,  27.8854, 10.0
 526, 2015-04-25 07:20:24.230, "6 km NNE of Kathmandu, Nepal"            ,      4.0 ,   85.3405,  27.7574, 10.0
 527, 2015-04-25 07:16:55.060, "24 km NE of Nagarkot, Nepal"             ,      4.7 ,   85.6791,  27.8818, 10.0
 528, 2015-04-25 07:13:44.150, "18 km E of Dhulikhel, Nepal"             ,      4.8 ,   85.7307,  27.615 , 10.0
 529, 2015-04-25 07:07:59.920, "19 km SSW of Kod?ri??, Nepal"            ,      4.9 ,   85.914 ,  27.7879, 10.0
 530, 2015-04-25 07:05:28.010, "26 km NNE of Nagarkot, Nepal"            ,      4.3 ,   85.5837,  27.9482, 10.0
 531, 2015-04-25 07:05:00.930, "36 km N of Kathmandu, Nepal"             ,      4.2 ,   85.3682,  28.029 , 10.0
 532, 2015-04-25 07:03:49.750, "40 km NE of Bharatpur, Nepal"            ,      4.4 ,   84.6843,  27.964 , 10.0
 533, 2015-04-25 07:03:09.350, "52 km ESE of Dhulikhel, Nepal"           ,      4.4 ,   86.0237,  27.4173, 10.0
 534, 2015-04-25 06:58:27.570, "26 km S of Kod?ri??, Nepal"              ,      5.1 ,   86.0061,  27.7219, 10.0
 535, 2015-04-25 06:56:33.860, "22 km WSW of Kod?ri??, Nepal"            ,      5.5 ,   85.7505,  27.8822, 10.0
 536, 2015-04-25 06:53:42.750, "7 km W of Kirtipur, Nepal"               ,      5.0 ,   85.2009,  27.672 , 10.0
 537, 2015-04-25 06:45:21.320, "71 km NNE of Bharatpur, Nepal"           ,      6.6 ,   84.8216,  28.2244, 10.0
 538, 2015-04-25 06:44:39.040, "1 km W of Panauti??, Nepal"              ,      4.6 ,   85.5012,  27.5862, 10.0
 539, 2015-04-25 06:37:58.690, "27 km SSW of Kod?ri??, Nepal"            ,      5.1 ,   85.8302,  27.7435, 10.0
 540, 2015-04-25 06:32:48.870, "26 km S of Kod?ri??, Nepal"              ,      4.6 ,   85.9479,  27.7244, 10.0
 541, 2015-04-25 06:29:46.130, Nepal                                     ,      4.7 ,   85.0717,  27.8478, 10.0
 542, 2015-04-25 06:28:05.780, "2 km SW of Nagarkot, Nepal"              ,      4.8 ,   85.5043,  27.7006, 10.0
 543, 2015-04-25 06:25:55.260, "7 km ESE of Nagarkot, Nepal"             ,      5.0 ,   85.5854,  27.687 , 10.0
 544, 2015-04-25 06:22:23.350, "12 km NNW of Nagarkot, Nepal"            ,      5.26,   85.448 ,  27.813 , 18.0
 545, 2015-04-25 06:22:02.750, "21 km NW of Kirtipur, Nepal"             ,      5.1 ,   85.1141,  27.8006, 10.0
 546, 2015-04-25 06:20:40.340, Nepal                                     ,      5.4 ,   84.492 ,  28.2046, 10.0
 547, 2015-04-25 06:18:10.870, "31 km SSE of Kod?ri??, Nepal"            ,      5.6 ,   86.0213,  27.6857, 10.0
 548, 2015-04-25 06:15:22.910, "0 km NNW of Dhulikhel, Nepal"            ,      6.1 ,   85.5398,  27.6285, 10.0
 549, 2015-04-25 06:11:25.950, "67 km NNE of Bharatpur, Nepal"           ,      7.8 ,   84.7314,  28.2305,  8.22
 550, 2015-04-22 01:29:09.390, "53 km SE of Jumla, Nepal"                ,      4.4 ,   82.5414,  28.9068, 10.0
 551, 2015-04-21 14:02:15.550, "46 km SSE of Jumla, Nepal"               ,      5.0 ,   82.3938,  28.8947, 10.0
 552, 2015-04-02 00:56:38.960, "89 km NNE of Kod?ri??, Nepal"            ,      4.6 ,   86.3309,  28.7007, 57.33
 553, 2015-01-31 13:59:45.250, "3 km N of Pokhara, Nepal"                ,      4.8 ,   83.9732,  28.2987, 32.41
 554, 2015-01-22 03:42:38.040, "17 km NE of Dipayal, Nepal"              ,      4.0 ,   81.0522,  29.3853, 40.66
 555, 2015-01-05 19:41:44.280, "9 km WNW of Dailekh, Nepal"              ,      4.2 ,   81.6126,  28.8652, 34.47
